illuminance,smoke,size,distance,firm,power,band,quality,speed,hazard
157,26.65328540521372,1.77200556796176,33.677449483382325,No,33,21.76873276151579,3.165544803227522,63,1
205,4.035898503793629,5.46292805948875,29.707971669471597,Yes,37,24.460698647691327,88.26775060331721,17,0
176,30.578422091951698,4.440357622910124,32.28977439948108,Yes,36,33.0856552151523,70.02954093596587,42,1
145,9.62488080455188,2.0194028109201554,33.24737236431565,No,55,19.130775914710913,93.84918238014816,29,0
103,9.198486602205335,8.661124784405189,38.41610067725792,Yes,54,45.2930757577397,117.30276419161024,48,1
132,29.66920798824994,7.957810200511906,32.293416310492304,No,31,40.69594295900353,17.67458749575177,26,0
169,17.03984466511738,11.25138343662621,17.053133456366126,Yes,14,40.24784844459613,67.23828504816814,24,0
115,5.733584299487787,3.192276430578524,36.18254949986625,Yes,33,35.025158353615915,104.21766538429138,42,0
177,0.2592524569560008,2.787051886722975,16.689650096721135,No,28,45.14382592105708,1.767283309936306,16,0
175,7.143478459758278,14.248322271009728,41.35118385598737,Yes,38,39.60915916773643,39.1876598996615,40,1
162,10.33616346632899,5.181252238595171,10.00813516705649,Yes,44,38.5787006695007,124.57483967513468,29,0
142,8.846048050176156,8.727910405395734,19.406512053008356,No,43,41.96986716512393,5.634400550664584,54,0
102,13.775812672402084,12.87665414064568,28.29141548294031,Yes,68,17.329046499631055,123.01210319196277,48,1
145,26.7437895857748,15.218907863722762,20.259240099910656,Yes,22,29.55255113610949,118.94093815257666,39,1
196,1.142930773397688,12.736570403073191,20.691593341488833,Yes,17,36.371998356283555,61.85763196522439,54,0
146,28.427503594952473,13.376342511098622,17.65085065024323,Yes,26,42.725417104198115,38.21369049359104,48,1
151,10.565045001759572,10.439241744855677,17.300593561328938,No,76,31.568088407252773,128.54695950776932,40,1
192,9.645373048648333,3.075012396388842,22.599173065733865,Yes,60,18.835488964905107,64.1714623817201,26,0
103,12.414826326257804,14.808915692787986,7.200335539486318,Yes,71,41.30710691104201,19.74361172782723,50,1
101,18.472073081984313,3.3197447020969437,15.65383252846717,Yes,77,40.1360552774276,135.27332335515305,32,1
186,26.55897219233555,6.960911853437459,29.391831509686583,Yes,67,15.831071341738635,33.53076971644827,31,1
146,8.29554582740083,13.358764513634563,23.247495501470965,Yes,49,39.47928885321835,26.66074643875191,17,0
164,13.59746527281713,1.152920953612122,14.679891888004487,No,62,37.02593952980136,93.28701522453667,33,0
123,7.658879919549272,4.582412664777065,28.27857581837052,No,28,21.950768546856754,38.93623045544799,32,0
199,21.395331097272265,6.577470997344973,9.044641717972514,Yes,57,45.18951271601624,22.52134648849946,25,1
155,3.780649585142048,2.158785241067777,37.55606237452702,No,36,37.94663978701254,116.18100459060138,29,0
177,0.2121537703144675,1.60048873905597,36.13438350057814,No,68,42.00363543286255,28.811820753552244,19,0
148,26.85703107975638,7.869389980941152,31.389460227066856,Yes,72,36.83279946026151,107.79188884106776,22,1
154,26.138235549151016,8.626044632268075,34.187900395330615,Yes,45,46.0473155974306,54.0777757156992,46,1
128,14.866929043117173,5.77498834452012,32.731071649630444,Yes,53,16.179635402934863,134.0885311324459,60,1
122,14.85841565405475,2.4106155286097297,14.842104129777962,No,77,43.62878872994857,48.58177377276807,54,1
171,24.78662687161412,14.078804161289517,26.70662731753597,Yes,36,45.37940191273479,87.23092321308185,63,1
166,4.990613470529884,6.028368512181302,29.56732741699726,No,29,23.72961015844484,103.06842030758406,57,0
187,25.027249262284652,2.449390467491355,34.7614288369841,No,70,41.818637876128136,75.26328443464281,62,1
205,1.5533825080585053,6.276085648107443,20.76092031752719,No,31,19.414887364774547,42.61212825029251,41,0
119,19.136156608215153,3.7303107606536616,15.39832144122292,Yes,42,41.35989377323432,9.735443941517971,43,1
216,12.572516148531312,10.574961780990613,19.320427469614053,Yes,37,44.02631670176231,54.77574462829256,42,1
164,26.690483692157965,1.8170326204910705,35.26866496233464,Yes,70,27.163406227784527,105.26986028713048,53,1
142,0.3108633079564306,10.300500590250271,29.023010851724955,No,22,44.38181629297408,45.84133371688543,33,0
190,12.456622585658788,7.379399409535514,35.65636148982846,Yes,43,19.614978931956273,83.59042523412165,26,0
116,25.975817791569032,11.462599513479176,17.810183215968706,Yes,21,15.147680013178729,130.3204291485299,63,1
152,15.835432964909169,7.115267001341094,25.329575983862743,No,20,22.724287837866225,57.19806725512509,45,0
201,8.575457337128407,4.629546496510995,29.36610210180082,Yes,24,26.839307937082214,118.332139575457,28,0
173,14.281709476607162,14.542399326813449,7.0827890891181955,Yes,15,19.751401811935125,106.05933002623937,37,1
122,0.8943893085091857,9.823612942349431,28.219506530009312,No,59,32.45435244063141,81.99346133308694,16,0
151,4.7846223854963705,10.107194046306518,17.004121168161234,Yes,40,41.7640406035478,105.52386456252016,41,0
152,1.4427300704530597,5.555781484017524,32.078606619333854,Yes,26,44.71373658423906,1.9729681528393024,60,0
102,8.629692057251303,6.406441511851343,10.09859051869598,Yes,73,18.275314237537923,19.26179386562318,42,1
212,5.821981971576012,2.876111152344278,9.762487742726854,No,29,14.911365404421325,105.34252509357223,36,0
192,15.240681331352144,8.793953633065275,37.27669889667269,Yes,54,36.54878645644549,122.86359415522509,50,1
171,21.10509043846177,11.33694744050781,33.70252456995761,Yes,25,42.85172829643934,16.72926559692975,42,1
128,3.165389793994918,11.108884753806754,35.26604826037575,No,25,32.863831187092664,53.48956061082199,20,0
177,29.11957279327294,3.4460732643958862,33.814724813945645,No,15,29.558248721148075,78.3320147658955,24,0
132,9.98575609414515,2.726982534538763,20.24152024831816,No,50,19.04617357584567,102.89809004916724,19,0
156,25.692065670396495,10.463374681325549,35.159440599785576,Yes,42,40.63107472527034,112.33373317885368,42,1
204,22.283660565440407,11.929380524139477,18.98564447980837,Yes,73,21.0092129185338,14.662446182432593,45,1
162,22.906838624438404,12.266817902466922,11.90709845048043,Yes,25,44.91119345472622,9.385677324918872,52,1
208,13.317805795320051,9.60907245932281,41.521416721548235,Yes,72,34.20186195570941,69.98228839482917,36,1
198,14.991334493924317,15.22891362889325,25.263079399028392,Yes,17,32.95344979254116,142.44704114678672,51,1
197,5.628198548410294,3.5096148207729296,33.82019691605897,Yes,58,19.195492627597865,1.1214004606350094,63,1
106,28.318673672862456,6.833693417197754,40.851088553808616,No,16,28.44099076062722,80.47712406423258,60,1
112,23.125927661511938,8.714021655781085,29.241083680271046,No,35,25.131359922492003,144.36201645196604,38,0
164,21.213611541902807,6.925586599079839,7.881079340768769,No,43,30.80841491831674,112.35793620247372,18,0
152,17.578988051809127,5.591642701562652,34.94526923279918,No,22,28.82855524470911,123.81168829580292,35,0
216,11.432760997453752,13.42237066807478,16.974627827814473,No,66,21.092875907656992,139.3035581549315,35,1
110,17.249902828938154,13.725596192041497,12.484195778908177,No,30,20.53594725442651,16.430303627473446,56,1
105,20.80819944353766,8.426882354975211,30.067036570308495,Yes,39,43.74630199410498,107.45201938703669,26,1
152,17.796923769344858,4.921988992652843,32.20484654277336,No,14,31.316641612739907,87.09417611193243,23,0
212,13.304949663017448,3.5426274431294056,21.754931467668538,Yes,25,16.382576759276727,8.568709372530725,60,1
134,19.87173971092376,3.438795266293324,30.46077446701949,No,15,37.83266105606715,20.570441348769226,21,0
155,11.505665840274787,11.06098040995257,12.421832901807251,Yes,30,17.352649490650602,129.54375546553368,33,0
203,28.322112462151868,5.408182675073871,30.23769352822763,Yes,73,38.48988166521232,12.85927058446697,39,1
159,7.079748230857403,4.480448179534747,25.986430920251564,No,65,43.64114044047986,63.769522788432226,59,1
109,4.666113172071521,4.063964122497625,29.299896476276963,Yes,58,17.528309846739038,29.935206093344583,33,0
188,29.045375955823555,5.46912924060682,35.80493851514472,No,37,35.04504659190894,64.69365801429403,26,0
107,18.12866684975265,7.938733219115958,14.837996539585813,Yes,76,30.04661764137154,17.387918151099726,46,1
162,15.10968407244416,4.005494946681713,7.470610463555897,Yes,49,43.226231040866,120.64846258306156,23,0
126,23.884220969095782,3.630706905905366,41.26884286454328,No,56,32.12104708031629,33.364449307931984,61,1
146,9.842450785708488,9.503737483092484,11.864465160381606,Yes,46,41.9690592093456,132.79601984585923,31,0
195,16.80689933960836,11.55115946794112,18.748555518469132,No,53,42.828511307153406,102.32129624674214,20,0
187,4.500233458554198,5.048591120389583,7.046442568316616,No,41,44.88291294187931,52.321820830396504,27,0
143,7.5168455234327,6.685521792348405,27.50586116382287,No,65,32.991264975670596,25.425273621660217,45,0
133,22.092838328363133,5.940356240143782,14.793790774123805,Yes,61,43.29768096367551,5.943252680774085,59,1
136,5.7275920198181725,9.156389867421616,42.45669316569045,No,63,45.78206132780083,113.87474477020191,21,0
154,0.4454883206445842,2.6149570185817463,37.67526898822858,No,33,24.70972649830067,35.70334722475219,26,0
189,9.887785361040638,10.991457841282058,11.890008802506523,Yes,47,45.85379953462599,4.405068156137105,19,0
123,17.797585690299133,2.757975916881226,13.613654201719635,Yes,37,34.09202314127914,24.670843340381513,60,1
192,2.224707901478721,12.350273450888832,33.10675042791383,No,37,22.14192195921126,42.75852419563855,36,0
142,16.244759762238,1.0692948155786433,31.96884997396294,Yes,70,17.4998993845014,86.93078711902818,51,1
197,5.030694234640024,9.90977768594924,17.411647311328736,Yes,14,21.67735621809807,10.320295513588269,46,0
208,29.855984233008957,7.459480631091221,11.944229082987569,No,39,46.22651897986429,142.00709820120554,39,1
184,16.10394528227967,1.4237636759562426,40.95598607890385,No,68,44.9650518994288,14.155420599143422,48,0
184,30.58181729331713,8.095014379510966,6.786268009459347,No,54,27.977063801410807,105.22397563650676,16,0
196,17.193912401111888,11.560343500028187,23.132853506504546,No,75,39.38594376530824,47.785896431394086,45,1
142,22.29336539871733,11.545103526626855,42.384341878968115,No,48,16.715473171524764,21.12939623178027,32,1
103,15.026326424189598,2.398405469911424,21.171815371520516,No,41,36.71925402208692,58.678219994446145,55,0
173,6.696815049412826,12.961411377920635,7.652508537803984,Yes,49,33.23858914890474,142.34958408014467,59,1
156,30.335747804453757,4.489469017831895,21.33321773871576,Yes,60,30.19717301685804,119.49455783503666,39,1
164,7.074842971198798,3.8369737999806337,29.70362374618127,Yes,38,26.708267375884787,10.37094602865269,62,1
149,17.95019001610551,4.290514410538417,23.637305265590875,Yes,61,23.056507035833228,119.09272455824878,45,1
151,27.043786038091415,10.502550561382176,32.08454879316366,No,75,26.256373570285895,16.08860186089104,61,1
119,23.019516597186666,2.9296179040328107,39.88903309024716,No,64,26.604410058061376,20.866020858357757,25,0
145,21.93077740433908,7.277181524520435,6.8359849394796015,No,59,14.823090549264167,49.12872537606866,22,0
112,22.983927379760154,8.505784214478625,8.037812108633656,Yes,76,41.72368116991397,0.0653658474933757,42,1
199,9.926455973519037,9.25209632602959,32.5369445142563,Yes,74,18.309239224741457,119.43126204955252,55,1
208,8.87683885842555,15.217398362540932,10.313026252448878,No,69,23.190094987576277,108.01632484623896,32,1
161,14.161638245737034,13.432256209856025,42.43359682031786,No,16,36.9127517930692,32.11599917943353,53,0
125,12.5797112152497,10.728499147248083,18.763078483462863,No,24,25.037590647259407,67.55241452514501,15,0
183,3.3742687136327327,14.515981583625246,25.00626413380432,Yes,76,45.01289787664067,0.5656261769079596,40,1
207,29.476601347159267,4.861784881990189,10.245542505948295,Yes,66,40.375206543744966,38.813032538152434,57,1
150,17.812885976572993,11.16552667256255,11.232028968471925,No,31,16.71094521656132,13.760374424047116,15,0
196,17.198554386908246,6.463496635111731,11.50996871972205,No,66,35.55692133198443,141.9289659506477,62,1
189,14.736216530812332,1.4528311526023407,38.5714340691015,Yes,62,17.74373298038978,85.78634706447916,16,0
120,5.642372880195735,14.149680403453411,15.961989611057367,No,33,30.206327623742258,115.1363542374853,52,0
209,21.87687011368375,3.525016602886661,30.518652027623368,No,41,33.308402233700015,9.376071673746562,51,0
129,7.645571810516776,4.75310987066164,19.58512626371915,No,57,42.71345964369122,57.92793726774816,54,0
177,1.2390911461773717,1.8183130900413544,38.822017696972885,No,63,28.00284542712886,38.11171286254367,16,0
175,0.5273621586155527,13.701763515903846,15.303794211616202,Yes,76,15.73656219636411,86.79976894326711,18,1
105,25.520730782353382,9.780579900525275,13.606368088420131,Yes,68,18.54285810457339,48.071925949082015,33,1
212,4.797529425902797,13.09428897602634,35.97236560840067,Yes,23,39.7042469315131,146.6979007411822,33,0
170,14.236049700164664,3.246322157543841,24.81031473407051,Yes,53,33.92820681230643,130.97040271761995,52,1
157,8.282925642176005,5.808669981207229,7.916623940523931,No,29,26.385149107825697,85.50515321258867,31,0
134,10.488347080216933,4.422601814002636,24.66478245572774,No,15,35.63193708109053,72.2051057235801,41,0
204,10.323634800803998,8.176951113786776,10.780402652341465,No,32,25.25277074061958,32.92448027644456,26,0
175,7.335083392138155,4.011047159394648,12.21777524987566,No,54,33.17862000590902,36.161559234863674,30,0
160,0.6419468481772254,4.697046972467241,13.48667485468894,No,15,44.043079147430234,35.315043636587156,60,0
183,4.404997763517732,11.72509505688745,10.25113828085712,Yes,55,18.66331039746955,110.91183084815432,53,1
188,14.29211173081158,3.3340688813683546,40.360437827876126,Yes,20,25.8104823954423,49.30517785535671,31,0
109,1.9790180447016736,3.5091109887616816,7.174999938259936,Yes,24,32.62069634000402,74.14944580008182,63,0
186,10.781086413107202,7.759746269910778,20.90183565923731,Yes,58,22.81700087121191,37.58085077278814,61,1
120,28.88092629371287,5.333484257751593,8.29511945467831,No,23,35.71949963830551,40.312941901688546,55,1
138,17.215158982548978,1.055077768153882,13.94154926676063,Yes,48,16.747081001448596,82.00933183598048,32,0
208,24.255633960306508,11.304250370637806,15.497449188986726,No,44,45.08666207284987,53.8817060882916,46,1
128,19.322911807254343,10.66038340436346,30.861410400129177,No,41,35.792945566938855,104.40783404392728,48,1
177,28.748087988323928,12.689175407252092,23.50176264160375,Yes,45,22.195496405435417,91.08353548564068,40,1
178,25.212790478022832,15.14683072056864,10.758991665314916,No,71,33.86010042966225,44.52774984312146,52,1
119,17.98674469893753,12.58609758239852,37.822014189043145,No,30,30.570816632966903,117.53472768089634,54,1
106,25.941948158420036,4.053597333374648,21.471236490703276,No,33,45.04734328804999,2.8752303648394775,23,0
185,8.075680969563395,9.688466918690573,33.48611011176394,No,60,14.823303060957302,32.295313770478664,28,0
107,6.23250718977108,3.655154255300128,34.51562527159362,No,57,26.21488111582255,51.217238834901195,21,0
102,2.342626163138726,5.968345946243776,24.76836277308861,Yes,70,22.681550501229523,114.3007784048767,48,1
110,13.205010218905503,3.256453440025306,37.04919441384369,Yes,71,38.08467725801002,100.03286958033677,34,1
194,16.06805208547701,1.141791222833311,31.196066260964585,No,45,45.46808557902311,73.95043070516958,55,0
171,21.852578646284076,7.896547973199807,16.933491624786043,No,44,32.287649341639934,49.39929809143873,56,1
101,14.401536283414044,5.01965325315072,33.76289932003506,Yes,58,24.912396484161512,88.19794061064499,21,0
103,10.995972823359264,6.452719599224221,12.146596445146743,No,70,22.26689715344248,124.73922527942275,55,1
193,22.66975633096941,5.65992986388947,16.457790958609515,Yes,59,18.05432933561871,142.46968561315356,42,1
111,9.452788327217206,6.58698023694979,36.20226192750586,No,32,35.31997757126335,113.1873949948192,16,0
165,20.366940193748626,2.739225631848017,37.97845708232398,Yes,32,22.61503579477677,53.88016314438364,26,0
172,21.48283822485323,4.44302128565411,27.1156429815724,Yes,15,28.980211957775577,27.015894882991823,45,0
144,23.70201866103036,9.450814535094452,39.47116941969933,Yes,50,38.85648538510203,61.56903135437613,17,1
104,18.828347637306237,13.00187154298757,11.042073613151947,No,28,27.243691025908912,137.25442461215266,45,1
214,13.711613922353976,13.565180078084444,14.688134997775553,Yes,15,28.43719571610239,0.4860172749732208,23,0
107,15.842819195166856,9.966192184928476,20.34565436999128,Yes,14,46.13202260063785,78.51728773448531,26,0
178,28.178505559110693,2.969094225985283,11.629419333699722,No,32,35.556264984507294,52.31724139410601,40,0
177,26.607522779854296,11.638137246533976,36.2097101383957,Yes,36,20.078518455103843,38.008157516842864,44,1
162,13.913631630886591,12.452351372990076,38.1844109745772,No,69,34.816658077095305,108.63478355936816,19,0
183,4.8506535516958085,6.096680420369841,29.876246355289204,No,13,25.455841920422287,67.4415100533523,63,0
109,14.658947017093052,14.839860019210978,13.9235651502382,No,50,40.63616126892206,97.45680867724886,42,1
135,5.880263952033731,8.92445640707347,40.72728462283633,No,73,32.40568001275391,75.00207289663402,22,0
176,19.652550950664985,1.5923597976636477,26.66006623912682,No,54,29.202934187059817,90.43043541531097,37,0
213,25.495400629954457,9.270544497200245,26.62549306680181,Yes,34,22.059568346816803,51.81466924419881,58,1
206,2.89813500346428,7.4046601316670895,28.617232434186903,Yes,59,23.356726317289052,26.16412656451599,54,1
179,21.83379987706619,6.8716827336162325,41.22831603891785,Yes,68,42.230655139671946,101.63370377872305,25,1
194,26.73177245470204,10.873718192372364,39.812552484375544,No,72,34.08969700461176,77.16475420156341,21,1
108,0.091558958191784,8.037833858569622,34.42293200899384,No,20,25.483186273137136,31.29048410256317,44,0
204,9.903366197789442,2.0363984334793166,31.06704332165473,Yes,31,26.91451930448159,38.81198637857225,50,0
151,2.061331338048354,10.813314549706334,16.4268854221853,Yes,68,36.490907572273215,130.14479055203694,55,1
162,0.2989851744658635,1.9273152175638135,19.381454868277885,No,25,22.90243875954088,144.82911645038868,20,0
207,4.532175730771841,2.9845042543015934,14.8343483954544,No,53,19.79295357367997,70.44547402896151,61,0
156,7.6016778720855696,14.96515062103102,16.71752134107989,No,61,40.55859072851776,117.03052449655816,63,1
156,18.201085486973295,5.90980451029762,42.038443400942725,No,60,41.01056219442865,133.9391083461437,57,1
203,15.298483603977116,1.8701097168731529,29.401571494163633,Yes,16,40.18910832810951,6.417985900437071,34,0
122,0.6902554804717776,4.861482495625955,15.227479321670373,No,51,44.40079644334345,138.0099435332478,61,0
184,9.650587741809517,13.881300722810124,10.074538454856857,Yes,50,32.475689534899416,10.245370701926609,34,1
190,22.111737328312604,7.921022614216673,19.215926630355632,Yes,19,23.8954278842149,69.13917304545872,43,1
142,22.73454901524072,9.412818866872698,11.966540999066105,Yes,59,43.38975103588968,13.328630692481427,28,1
126,15.675940511946305,10.997322091524978,27.894587417360476,Yes,53,19.24896110741032,0.542685010958656,52,1
120,3.709829113471072,2.9638925832030596,10.792739436163505,Yes,70,37.8087126427439,52.14554789854368,39,0
138,16.723631549720277,7.44040495336,12.297185481313011,Yes,19,33.0299511187234,104.39280370705067,35,0
202,27.10872986863835,11.640050462265435,7.14985773326761,Yes,17,18.80706460703732,119.32988658705123,60,1
198,24.81730738739172,7.190294848972975,14.839661493154644,Yes,28,35.77408572475863,91.29129490004756,16,0
168,11.619590156126028,6.164544737198362,30.828763585527614,No,44,30.52544674098554,72.20756216830085,63,1
143,13.458454336268607,13.432409791353836,26.314246810321755,No,73,16.76840808381826,98.47336160811398,42,1
110,28.911305737026343,1.894844969436349,30.02791003203852,Yes,77,15.543708676190308,27.173422672813917,35,1
215,9.23431925324768,4.566372977871346,35.72475228090541,No,53,40.54148284383413,17.19451944361406,46,0
201,3.395948706019984,9.39855816460231,14.734239409813824,Yes,32,32.07368524308127,49.760633871001254,41,0
189,23.58274405163174,5.085640386663755,7.220100605127476,Yes,34,17.447852779576564,126.7762289530531,41,1
176,12.152058107871207,9.876621956123762,35.34396213539766,Yes,43,22.787628477476993,26.259659085498257,29,0
194,17.239791651631126,7.255184464144064,28.134644230731,No,18,41.60314293539935,100.27203489517665,45,0
155,23.353046629546412,5.007350090778493,40.014780417831446,Yes,13,34.450457390934375,120.03171298089848,36,0
183,16.896111431902995,3.821870225308331,12.858734981647045,No,33,43.21407373747243,41.93512724047259,53,0
128,17.431907103057366,12.340397948704982,21.29796154012117,No,55,42.17545740238984,10.78168722300176,50,1
145,12.744800879925467,15.326671414757328,39.1891340054818,Yes,53,16.574375109402965,34.848866519726336,55,1
124,28.1443223760327,8.854958320053125,30.209179693650466,No,20,35.90111175225013,27.560491215304673,45,1
146,20.874038942850703,10.335118830039749,35.76898880642192,Yes,69,37.816586219544746,0.7618384751014818,44,1
210,19.631766598879736,3.390846315902371,40.88207752090934,Yes,40,36.29320487312701,137.80537949159404,31,0
148,30.68823204974972,13.102281038391228,39.33273604446638,Yes,28,29.90321345969155,47.02549933573875,55,1
151,16.276902306551605,2.716532362674921,21.223902475364003,No,39,35.101550466449034,106.55315761548208,15,0
215,29.479393211869724,6.9295363311107,17.860295054406784,No,49,30.70756362864344,17.19800780192731,32,1
128,18.052295524409125,11.72829707868484,7.577875417866159,Yes,77,23.9688970821274,42.42749513787146,41,1
122,23.1607003743646,13.769013961467996,12.950575529768823,No,29,37.7228985170665,142.67266411943675,17,0
207,30.776493763635113,5.417624450205913,25.963364526928817,No,51,22.827489027485743,57.17745949191024,51,1
175,19.137187047972528,12.349516294213688,31.92268776206395,Yes,49,29.04692282806267,61.55087684237684,32,1
123,3.1818300892851887,9.97365854791182,28.61837603196457,Yes,68,40.43487042848301,120.13066767884716,56,1
193,18.53568042156296,8.202059595206094,39.3042005836039,Yes,26,19.986423800092417,113.36758493915976,48,1
141,16.097949560129283,1.7260180919145087,39.62392159750522,Yes,70,18.21312163021098,59.9956736778096,22,0
189,5.47067604898384,14.859100939569176,8.9921602950878,No,25,15.826884204179722,77.13052116330063,17,0
141,22.209304707800165,15.303113470431056,31.978108115539513,Yes,46,27.537526557871946,42.99999201168368,20,1
201,8.038059068220964,5.617167482796738,9.147582911873435,Yes,33,40.53016113345144,97.11051125565794,51,0
205,17.157984303938232,13.41560184027196,26.66413346205335,Yes,25,23.950350339965276,122.65058240099458,22,0
193,2.717452160172034,1.596202664421032,24.18881113630143,Yes,34,25.602360369015557,100.06210321420755,24,0
124,7.930744004304792,3.604956878419305,27.31490750519854,No,59,19.711837646193192,96.94477304109408,52,0
189,7.02449731355863,10.739341961170645,32.28370945546797,Yes,40,18.646215546430717,3.144874370217709,48,1
122,13.192500288600336,4.343668497397244,11.622397222030862,No,59,21.456947279809174,8.287230239530958,15,0
170,10.712201521657914,7.756985192737071,9.131571189517942,Yes,38,30.62876003839792,81.76981622429919,59,1
146,12.846887091890066,15.178728049097264,10.601178116349171,No,52,43.83897305216276,106.78973826971183,43,1
154,20.930260715742182,3.0246032579707496,35.158655409728176,No,74,24.711279946726815,87.92802800446101,57,1
105,17.153211854663002,14.402999736085103,22.243881029788817,No,75,29.11395514871078,78.4512087920096,24,1
138,12.420959072039627,10.05672332454267,34.00473077862921,Yes,14,27.37151320074824,27.198253325261025,44,0
101,3.937820132525383,5.0483044087879385,17.92533967124636,Yes,71,29.779256214197712,72.10365958688752,41,1
197,21.12534906894756,7.058124267122391,27.82185796511228,Yes,13,42.76003520744182,108.86486036532558,50,1
204,1.443645504172742,1.6918701467498931,19.261262007488753,No,20,27.837910829524695,75.64002080512518,20,0
119,18.591882536616847,1.3615822019663653,12.0673362630475,No,76,16.273170374682802,127.7784861478388,23,0
174,6.266086512646533,6.066377363175588,7.305183037674641,No,67,39.51799095918143,90.85116910431,39,0
196,27.625288288231843,14.59330554828321,30.01701954724764,Yes,45,34.174606764431786,127.3816213503101,60,1
167,13.399473724712664,11.182576961520656,7.050666491246851,No,48,22.48849518419317,86.1719579074843,35,0
127,20.026759548766304,3.744765947560912,38.49518787917087,No,27,33.943020130297086,28.244062301101653,49,0
175,14.450580759566622,12.973239483356071,32.02649707448594,Yes,45,38.39681930790609,71.1232821669602,56,1
190,2.802103574498131,11.631836214076335,39.99887839663205,No,44,25.86235352372608,134.50268114053958,31,0
176,30.36265960384727,2.296401736606359,13.756742414723554,No,47,30.493831325608276,60.98436603263756,33,0
174,6.178020530832349,9.484853578368812,39.99598876984603,No,37,22.68570493149333,125.89287652016276,18,0
177,1.111078306498002,13.28168019822271,35.552936439806736,Yes,15,39.19583780116001,29.507258191004325,57,1
155,21.2135793111287,2.304094772898287,18.30262118327848,No,75,43.84886416849419,122.95295605495949,48,1
166,28.71337181059221,9.477237873244825,18.036718179363735,Yes,56,16.59035033556369,18.3244357819881,41,1
138,17.593822618162783,11.334244500267912,33.17191737468404,Yes,50,43.64867987854177,107.81297268472328,56,1
137,4.480595206789427,15.261953106865958,36.761246848441935,Yes,35,23.40276675013199,45.1417967196502,23,0
114,18.268420199466146,1.547695362277608,24.69497203717008,Yes,60,41.82431925983581,8.931892555795791,50,1
142,15.258543236775498,3.417987711878286,17.938474650741462,Yes,28,23.015041415618025,76.97669110762968,60,1
151,17.73269189834406,12.788375928059873,36.17766522887797,Yes,54,15.872913182169146,146.26538338377213,53,1
164,4.7274081996963755,5.642271322828913,22.179411511418103,No,13,40.70398283954432,112.55466921052808,54,0
210,17.263543303996634,14.379525964295429,31.165491884286386,No,60,24.175029494497274,87.79270486424953,18,1
129,4.712047523625425,11.70290505833511,27.263479475193137,No,44,32.44205578987782,6.8459726332369675,26,0
181,1.9586710808931769,1.94854148300313,16.099593330036733,Yes,48,28.02522638631444,41.75741612388284,38,0
138,11.933286286154472,1.632309284078933,24.8197821858751,No,38,29.962953576542265,52.64169859330524,58,0
188,30.575411325272793,12.33256596012301,41.48711387641337,No,20,17.724562016436465,39.34079593196026,33,1
196,3.174534761139499,4.283492301801967,13.68669986774415,No,22,25.497343951061083,75.97617210639136,28,0
179,18.430064454600327,14.827932510435264,34.67134108243743,No,34,31.393698037156,87.20318525753771,48,1
214,18.717943670466457,7.485654949142322,24.74367495094169,Yes,28,36.05665585530893,118.38409121558873,30,0
132,28.64035998623545,2.9583173799767613,32.45048450818326,No,71,22.358515198764024,47.75608267199857,45,1
185,1.226553609835528,9.849596246855986,29.9107258208614,Yes,28,23.96310988314961,138.69634577323066,40,0
145,29.861353449576285,12.882537059118912,28.748502739170547,No,46,31.82055090491799,106.28266124838306,27,1
139,23.88965922593302,13.314392106929786,29.009776801112785,No,48,23.10660146227958,22.687404084160235,27,1
175,24.88615087426319,8.000956728099073,10.704712135981117,Yes,27,31.39017788851691,92.96960172442104,22,0
104,29.07067660566057,8.524586392288155,38.01335092993371,Yes,19,16.33855800409887,127.19941956239458,54,1
118,5.715155942131714,11.6647761610977,39.556969977216376,No,36,15.102638022330051,57.87085123806739,18,0
214,6.911640243861892,2.759757593478871,18.774656543386396,Yes,38,25.152415329613945,101.4989955121416,34,0
198,12.13927331481289,8.599377950118077,22.936817778518773,Yes,37,41.053225542684984,107.09860582189866,37,0
140,17.94511879303612,4.300227167050766,31.86117065082935,No,69,24.205122954699007,51.300790815751874,19,0
184,14.452254821141208,1.370132956594161,18.283680468455856,No,56,35.349078248501364,114.48258639651448,27,0
117,24.339079406732093,6.244781216563519,31.55054824397824,No,57,39.74811927509127,6.097719814845002,23,0
213,27.402477207720526,14.507674391086423,6.833313154075455,No,55,40.14654408131668,93.42194561993144,26,1
159,7.079707229979066,7.427006722277881,41.52653929436412,No,55,43.81896391863731,61.041012624868195,21,0
111,8.918850012068866,13.720946015126176,9.912266937089882,No,74,44.03018380335491,54.1668281534595,23,1
192,28.05338063311961,15.08565985985957,23.633311423299304,Yes,64,37.463315711625256,106.5327713329136,31,1
185,8.78518690999225,2.3230930035866555,14.206597184323808,Yes,20,23.06807738730397,88.7022087983391,22,0
133,16.63478932369916,11.594541360232848,41.84560218284236,Yes,67,42.46565739712096,34.61966195557257,62,1
214,1.6075287812756314,10.96307256523809,40.78457136576435,Yes,21,32.83692364837336,128.06144030269456,20,0
210,23.253404158135133,12.11916720141619,40.237706609490914,Yes,56,31.58804425685382,119.98373661757554,53,1
107,18.789565583856373,3.253572282993415,6.780268837160348,Yes,64,46.34374630391427,137.48130814083757,58,1
170,11.79947340696708,7.060382484497966,36.92751908352673,No,26,36.74151739891981,91.3954374827816,42,0
187,16.84553946029767,8.224385392200084,31.978274291668036,Yes,47,31.947853212623016,119.34291360847205,38,1
174,16.060868687115793,10.640395012086298,34.472347407630245,No,47,40.20059619909226,112.18941483845526,62,1
169,21.243688939448045,2.983269938620248,8.432017290131142,Yes,76,34.0378105623907,7.23746145840864,32,1
111,10.55047501829695,10.714743535297464,28.829057117926297,No,74,36.76732987459995,23.33007083756066,21,0
116,28.0945024720911,5.586069271986577,16.68363692747462,No,54,45.37523907627594,13.0791661815002,30,0
216,5.7042126750723385,15.228056543066804,20.615665463391224,No,51,26.688741216999944,90.08590833481662,47,1
198,30.707249008530223,14.521773391381634,31.435234950146626,No,72,20.560325811128997,41.004943975201215,46,1
170,3.1229615307561907,5.370232784519194,27.011765438494315,No,44,36.83582411827135,137.73471785895737,26,0
171,9.04047351020006,14.552906564312131,17.43093337423161,Yes,72,16.687250410096684,18.6980316744821,42,1
121,20.06745913307727,6.896931911836322,18.327675286184096,Yes,46,35.930327062356184,3.840081076366115,28,1
109,4.338061638290312,13.425243819032206,12.471981212819756,Yes,60,38.7479767254256,32.62741587571519,26,1
110,10.05989109775673,13.64771054646377,35.68354878295917,No,51,44.1398552747675,96.38573233798546,47,1
142,24.1217233156787,5.741128515370887,10.699048790594116,Yes,53,21.05754940147783,56.0716261977219,43,1
140,18.354378372408657,9.4248887871965,22.47081529924774,Yes,25,17.71438358640773,90.2829043481419,49,1
108,0.4257371318590029,6.209941775596128,40.9118037783859,No,23,17.32150011248294,58.135866635663,25,0
104,24.639685112294114,4.258120706987565,16.663329876313703,No,68,15.891294899201384,58.39958157142478,50,1
172,22.847186300894982,11.751443412646475,10.454831736732736,Yes,13,17.85218217115889,101.87203752678408,62,1
159,9.288697163410552,1.5900378051038195,11.727974517647407,Yes,76,25.59303411587107,11.397046310345225,24,0
108,22.590533523678513,12.656500163337496,36.03966120703396,Yes,62,19.092847117162272,28.135974885667103,49,1
184,17.957299748712025,9.325677266098578,30.07015186640176,No,34,20.336305616554867,59.57368083793911,50,1
173,17.589493646191112,4.75082568925151,32.41761214249075,No,24,32.55594994525318,84.03538643499363,37,0
133,16.65701612559019,4.324310652329502,35.182297802525305,No,70,33.94924506898922,2.263890196736017,58,1
107,4.3998627865372555,12.221625843785262,28.620348707460472,No,45,39.15692619683999,46.07906985888066,28,0
109,29.599201491791604,5.443252412814077,26.655759971866367,No,41,32.711228820590264,115.01738815046316,37,1
177,20.38590858241482,14.440808155167892,20.08075629767641,Yes,69,27.98216675190439,107.4820596866338,58,1
201,11.234963374773082,11.43678629353295,16.824848411231102,Yes,22,27.106984985896695,76.38730846666243,30,0
174,18.106559962305298,2.104453351200974,35.13955750309526,No,28,43.85963236424202,8.798062968585803,25,0
109,20.539086259402296,10.242019255337889,23.587214657444022,Yes,74,15.36704609375655,41.58101194198388,30,1
171,4.018696698506506,10.073739045356222,26.213072442041053,Yes,69,32.95375591093645,123.7926901917716,32,1
134,18.088279863231634,10.909220999090484,19.797284234069387,No,52,41.59097933050498,64.20479513929502,25,0
169,2.879770802566755,7.397059934174056,10.83567229609117,Yes,30,41.3043812927137,120.2034701535257,61,1
159,1.934207671332848,8.84827878483708,7.654014155782053,Yes,70,33.91554679634747,108.70582993268958,52,1
197,26.7509223723532,5.857940520019149,13.275516156630513,No,63,16.79938691633667,20.627448919889776,30,1
204,26.21918583921531,7.497888161372405,30.52171661587124,No,24,32.392041351975074,85.88887683360284,62,1
196,7.763205640163163,4.080276699219695,37.047411005366826,Yes,57,45.28964107377126,127.34350383491302,29,0
178,1.655778179976218,1.644112209199987,33.568553182329595,No,45,23.31180844360301,85.93923650995379,40,0
217,7.215920270766632,9.00333419041701,9.307459257534704,Yes,28,31.552226149539937,8.624518572291482,47,0
180,17.628615818113406,12.831994066753728,7.968998473900675,No,24,28.69833780093041,40.67930171470485,48,1
159,28.0360905466568,15.305450965775869,38.09218171511741,Yes,44,15.552341018369464,25.204795528108853,54,1
131,30.736272491109855,3.6700822352714906,39.30127108099431,No,15,17.462060397425226,89.06300642810723,37,0
120,14.706076871107411,12.659783778450285,10.741854823524676,Yes,64,33.82597240740336,138.2839611043574,53,1
149,27.31174001602534,7.352197159993537,16.75066996401832,No,39,19.545067906371465,145.84255788904676,53,1
217,15.21869787491446,10.33736587778914,32.12131593791009,Yes,14,34.67533740646879,76.60618144648602,38,0
216,13.687071428169702,3.3402112840088356,24.209596497268045,No,65,28.62898569788632,100.08994364040116,54,1
211,14.367753100712148,14.660374107750576,17.073510109591332,Yes,38,31.599912509095443,87.20886023181947,23,1
214,24.41334792740945,9.22487817928787,33.685947951383206,No,76,37.89565246325653,116.61267753898812,43,1
187,20.095637563534375,12.538132022056834,23.359232375538795,No,27,25.99568942594115,72.49676026067588,45,1
146,6.090341501249029,10.703759088652603,12.28067139772176,No,34,42.76653126789456,101.88590749703788,37,0
153,18.14310268484166,6.9893165384792315,21.196250858029067,Yes,44,30.32764119593933,84.4389359909403,28,0
185,9.46527639235808,4.157399323523098,36.57756038456803,No,68,37.60509388654664,45.115248949874626,17,0
123,9.977195560977895,10.545150613543132,10.66819711174896,No,27,15.55681251736687,64.33864537906142,34,0
190,7.979630869372512,7.422727412781784,32.083588730590286,Yes,34,45.67715741268985,71.24275798534987,41,0
154,12.785250474890876,10.641982592691342,20.103994193309425,No,29,16.29116391341807,45.547292946131975,28,0
145,0.6173443342869934,1.4710095495801598,27.93975494311391,Yes,29,42.91061013171114,68.53184779140027,59,0
186,6.110595434164716,4.293566233575636,39.38836844393825,No,77,39.08916484507246,83.63762530802329,57,1
208,18.31835860231948,3.8887916233790216,23.46437250075791,No,29,16.80326041102376,57.3375481090229,55,0
179,1.995016336155261,12.519385517874603,10.69122988658637,No,55,20.078655993174763,92.3129640892734,36,0
105,27.537391183808197,6.4078649982988765,16.980948665666112,No,61,15.544658580367413,82.16271212297933,25,1
107,9.152774843453232,11.513346315663537,28.020912554348044,Yes,42,40.990229374349155,142.34706809377417,61,1
121,8.76801396073715,9.833097899975352,42.37813019559484,No,54,36.249899710421566,113.7361165257295,56,1
175,21.95976678144705,8.486795403585118,31.359705498927,Yes,71,46.57477395673702,106.00561904604392,48,1
146,24.7794998633965,10.394198169407485,22.233635471537397,No,13,18.390103215786805,142.63391614470606,46,0
215,25.400745886446312,13.06604143112649,10.04727780650858,No,58,16.462460007176354,34.06546748693341,47,1
167,5.50576346291448,4.4858772449890605,13.554539431997489,No,63,35.38953839468994,40.73667942718221,16,0
108,0.297744051970816,7.160953692003266,39.18476179793856,No,27,20.207243415283795,47.28448931674944,18,0
150,25.04053964115808,7.59866770511425,23.81276885104944,No,66,44.32351382295347,25.400276169752683,62,1
169,21.516945267017164,1.3040621818242142,30.96719275013426,No,24,35.21151754140135,37.63795036274593,61,0
203,14.058000809762232,13.327835638541924,16.046953103618144,Yes,18,32.38589890818579,42.03809694975465,17,0
173,0.4746030112392765,14.984268373473675,40.04439011716302,Yes,23,40.54225241942493,106.88353676796658,35,0
118,6.638581637964241,6.228135606871655,20.391087208023905,No,24,41.80141486374937,10.392273653392133,53,0
119,25.62206564940205,10.800598449775215,41.710950753369445,No,64,22.770032716279328,64.54477062442244,44,1
109,27.65358743142361,10.168666921566276,35.91198446101719,Yes,15,43.59797039084086,9.05602170532977,43,1
217,18.7660879912535,14.224248221863444,38.49254112710952,Yes,17,34.873495944622235,123.73786410638851,60,1
184,20.246692720597046,8.769285153452396,12.49387518962411,Yes,19,20.645143850405766,79.48087150465666,45,1
174,28.757287132116975,14.190556337902708,34.63143302660281,No,47,14.80384644932835,2.118965063093442,23,1
171,16.73193195459163,1.928477423671976,41.66600133038206,Yes,54,42.28349172233169,42.99704994984455,56,1
106,18.759992066462537,10.091167133358256,41.30707969717183,Yes,61,16.85764299448151,12.121566693877387,62,1
192,27.728569512272212,6.685381535014136,19.46968838251368,Yes,31,30.01013114636204,29.285468405725744,25,1
149,5.536842466055979,9.575980552882791,16.393886092579883,No,51,24.59559029711227,65.34901110407776,35,0
111,22.094495547615132,10.947345921720052,16.396409284985904,Yes,73,15.37094345591845,19.367283117769617,60,1
212,28.70814287910775,14.54038803315006,25.097730197557723,No,30,45.05377028754948,106.06151105731875,23,1
101,20.548559498352216,13.711006837132963,36.375512102628335,Yes,63,27.855723361760923,102.68300944453424,54,1
128,18.766245951378263,6.963388363455472,19.42088643625167,No,32,39.92095804901281,118.74297176296272,39,0
131,14.912509658676894,2.34107165430617,7.253762510334893,No,23,32.34037225883216,34.93844099248038,26,0
101,14.416412193290348,13.740814584207506,14.439285875142083,No,13,26.731392097961784,59.91104694322681,62,1
117,14.265606509432644,6.409397507007373,35.15920177481101,No,67,34.46198092608752,52.808926427143,53,1
176,26.355011143600116,15.027694740159276,16.048656092238467,Yes,77,25.73274616388816,27.22262216586834,44,1
103,26.74827308116961,7.211577153960038,40.68451291937908,No,60,24.752683916683697,64.86642825018852,36,1
213,6.758731709901882,9.375907186252832,24.123641646297003,No,33,25.516039361791453,116.43933737519828,46,0
197,22.880884300981684,7.533123656298176,15.115105588171543,Yes,69,30.15249746719235,23.231683206315083,38,1
178,20.60849614388148,12.92316597485184,36.17984814588702,Yes,15,25.22166697881391,38.69066934113127,36,1
138,26.257227854341114,9.158854189033272,24.99499421760899,No,18,42.71637808137736,91.85083623042756,51,1
203,15.138005021303,13.89498335381969,11.1936281748314,Yes,57,38.81511533354637,118.40999423240136,25,1
132,30.001077827238895,13.430180502819535,38.197883494831274,Yes,65,31.41732817111701,1.5410126731605724,22,1
119,26.15050328231385,10.7971686804605,36.37828569278756,Yes,50,30.160038266725053,104.5365030107234,18,1
198,24.796055944319523,7.759706455416648,11.362691094768977,Yes,58,44.17442311189447,147.146222936891,38,1
177,10.463919236523516,6.566481186404987,37.05672834096097,Yes,45,35.86364012555954,48.29074786641551,28,0
157,23.433238296194745,13.84888116636881,14.980530060877022,Yes,14,29.343757395373977,89.37796492835201,39,1
159,23.06404496594582,12.13582383289178,7.724122090362447,No,23,25.01251882147083,118.83335567710417,60,1
180,14.341560781114612,3.4618774431971944,36.017711194925944,No,39,35.23159668172731,133.17632497728775,54,0
166,3.803137241022286,12.693746922002765,41.78964802941388,No,29,35.83593670772844,34.45716345667496,54,0
203,30.944283174362745,7.227030751433217,24.786013042611444,Yes,35,33.04385753184785,11.44746219260512,15,0
111,1.5076876401621886,7.849067095706614,9.110666427926589,Yes,26,19.821026637550297,102.77590463295404,45,0
115,19.15271681246921,2.4591351396948955,12.746360192179026,No,33,44.41740029247529,122.54015635550404,62,0
168,15.570137772792345,5.815088730683403,12.24079178840855,Yes,45,17.98277997860535,60.07785349489637,21,0
144,10.523078887417112,4.085627619247486,10.294207287273483,Yes,35,44.35779453789877,39.81851079847648,54,1
164,27.302152568600903,2.96264652699404,21.920057703405796,Yes,14,37.11089295024081,53.9265515435953,32,0
131,25.027797346636177,11.372119976803598,34.483487366330905,No,14,20.448283574830267,104.18586432873327,26,0
146,4.2898176069871585,7.8323302358787,36.993499622565416,Yes,29,46.45403382045409,44.63096954464798,39,0
214,13.529066646330962,13.756007760387403,26.63434442194447,No,35,41.596622710880595,97.0049942990535,48,1
195,15.385677245161409,10.00860117147166,33.172186338420474,No,32,36.2095109757214,118.67779946361112,61,1
133,13.950712457906704,13.572530267853924,17.83457743653728,Yes,44,35.60556824711146,80.89277026570775,33,1
122,12.520099016729851,6.28533952331607,27.350527648642483,No,30,30.178538031370987,34.74598305139223,39,0
194,21.292132551799096,4.422654049201982,9.21053286049827,No,40,23.04253213195235,29.793884793041435,54,1
176,13.55547474301927,5.46743562156828,20.54391058366937,Yes,75,17.57817007482292,34.90545144679973,41,1
176,29.218244582968843,5.825039025158267,10.555019395441612,No,40,40.7058714676604,78.15795750635131,18,0
161,26.62662451960762,13.80640369313124,22.910012819919707,No,74,29.897424888254747,47.10559043874841,49,1
165,26.00039640175846,5.010381871439334,10.314067468286192,Yes,37,39.73820616253607,23.259965992566176,20,0
103,22.215130784448203,2.2543669953640566,20.090640424875616,No,33,17.699840794957673,89.47605620282187,28,0
204,13.812374292315573,9.22055463290346,23.503042837576075,No,66,36.50693805877368,141.7257163631476,28,0
186,3.046683164683926,1.7711609337004883,7.3080425065029795,No,32,33.03697020489564,66.08883200723182,49,0
182,24.808939278947385,14.690746757695832,11.223616462618846,No,31,15.981269401122429,62.91213639492187,18,0
174,0.1135151518269103,14.172557479532754,32.29697526772828,No,38,22.31271371011813,23.19866486887895,52,0
149,7.331745948581724,3.3184566291857984,7.03585853711292,No,30,31.2063698632286,32.67774029630961,54,0
147,11.223056090482752,7.909707445891936,22.582005046528927,Yes,54,43.24337312460449,39.934175631089225,55,1
130,0.1231128353847808,7.342092145955563,23.25141466922542,No,45,26.312130853122486,103.2520759907584,29,0
190,26.46649001267374,14.608293018183112,7.331221736339636,No,57,43.12851057067488,78.13583752657058,60,1
157,13.750069674294004,10.127034271748071,33.25810179573522,Yes,66,40.640945351813485,132.46738648337475,39,1
142,13.661845169939918,11.2039107806152,29.48825425503269,Yes,60,46.318084243896664,9.674696542377529,50,1
209,13.208826544862724,3.239435316172407,41.319308213969826,No,56,41.336555423795474,51.98380483716112,57,1
107,3.236132958895343,6.817528194694361,40.893701590105145,No,17,19.05443637680964,2.5882414742831243,40,0
175,8.109941657752662,3.587523089524437,19.521701149006837,Yes,40,17.193722961322624,64.42678396429794,60,1
132,3.738182176879196,12.118093070013211,26.4363156622438,No,54,17.559356275569705,131.0583330468745,32,0
171,21.425058493854497,2.589157218332266,17.001762286809445,Yes,20,15.562148470340528,77.02990824330904,47,0
116,18.69278501193241,10.834721417549842,18.80676460498591,Yes,68,37.864730874579195,145.73381740046153,60,1
123,27.951178494293607,1.130151158405114,37.74649765920006,No,29,27.20801530156423,119.58853120232746,23,0
123,23.34338017731268,13.902223462695776,14.54794791954486,No,72,17.704114645173775,65.67602945615374,58,1
118,16.564094643530147,14.319624171751675,33.64134665356723,No,20,42.39978433181961,137.12160099582275,23,0
193,14.013772513878072,5.563568837948795,24.87430489892467,Yes,56,24.321506722377023,4.772085431443885,26,0
213,19.34175401518582,11.504594396148978,39.65095887398166,Yes,26,19.392861650448655,38.22245595828513,19,0
129,26.254475354597496,6.875263451356293,28.809021764932808,No,51,35.460123017762314,136.70446658435077,43,1
161,11.068728497788824,7.557665495787223,14.664021304545802,No,59,37.24042867634479,32.85693341025119,37,0
174,5.890133829725549,10.08751539959419,12.094878622222655,No,32,24.236820137972877,2.1251864759476806,26,0
109,30.841314746715863,1.583954453271755,8.336476586725457,Yes,48,18.447150504426045,11.60466770384179,37,1
165,20.043716555997374,9.357972553557271,19.51446749061593,Yes,68,38.106763862416265,36.521828946449176,16,1
205,24.686920463704464,6.539984706511316,26.411474949173687,Yes,42,36.81808466494695,36.135714483127565,19,0
125,13.372752589898973,12.812727573774072,42.35614549124219,Yes,46,18.154703460778254,102.06744861290662,50,1
193,21.6946720984715,15.178472891529774,27.171731753285023,Yes,76,44.944363927569114,20.206388145007736,24,1
178,17.569231843910924,3.778196013015525,26.267417674442555,Yes,33,27.829554004720254,60.039860910844155,40,0
134,4.402939794267586,8.478676449324277,15.899341852832732,No,63,27.450773919410537,102.27898537366792,53,1
146,16.017937594041427,8.64297588510073,11.946749708548992,No,43,41.32690942003516,44.83384533943982,59,1
171,13.978560899530756,3.970071666832371,8.321815130858658,Yes,28,30.27918886696414,128.99690608761296,33,0
187,12.088846108221183,11.370305822452794,14.675204059479825,Yes,70,29.241097266408268,84.60093151892508,60,1
164,0.0029771132734505,6.378435707186249,22.975673581435274,No,46,24.702012097470405,142.29528965733866,45,0
216,5.795484530174638,5.266809919276623,36.67674174781205,No,47,21.949413215866873,77.73533362868379,35,0
143,29.826229556946927,6.131061046056299,13.957859947042165,No,61,33.347588908448074,135.39480798358662,46,1
121,12.205397798175568,12.901684669276555,6.869773978091196,No,54,33.41085436510275,135.38620902193043,61,1
107,28.01512730528365,10.440983675730092,15.142102707445869,No,54,27.63446772840463,131.7594217971177,54,1
179,4.9952993863239135,6.866705714437751,27.812462117814817,Yes,64,34.52134573350594,30.882785011988595,29,0
180,8.981800902300654,10.677225287062056,10.707809781414555,Yes,22,36.661314631364746,53.11454800875686,48,1
208,25.152192256396695,12.248914973852566,39.74921600768067,No,32,15.55875978914596,114.62768535200902,20,0
210,5.10881897121272,6.034832494300639,20.306736262702653,No,26,37.569844713489715,107.88321588751458,34,0
124,3.986811319494623,10.91524811046575,30.62831850444264,No,75,46.296427685653896,138.4379886497634,63,1
115,29.13687037328195,11.698893143024256,21.62963719028206,No,43,28.77471411430726,7.445094055448113,63,1
206,16.079432310893733,4.03723643481705,20.065340055295664,No,52,30.47740530962177,93.74280026097507,62,1
118,25.899354413143136,4.35872518662093,11.085792916119743,Yes,46,25.061450269494287,52.94794902053558,40,1
185,3.0554346684212152,8.650301350738781,31.459975621152665,Yes,38,23.578508988139543,124.06357187388976,39,0
178,23.26885920380741,4.40328987316889,37.68212083912633,No,18,26.046147463357524,99.90208484806634,45,0
110,26.56016625558781,5.033269738207293,26.82408632014382,No,15,24.301827205041043,134.9948798488901,27,0
107,3.1422585442257382,15.313878821509697,28.73749581623582,No,41,35.527356204234195,74.75793733571493,39,0
122,0.3241444646887047,4.095949835877271,34.66182186889031,Yes,58,18.157701772221888,12.550133442875874,56,1
112,24.58003757206043,5.443300026826451,33.19320568984586,No,37,26.43619901031498,106.6999253427866,28,0
194,25.100569812982876,13.332440708592252,16.42674356673891,Yes,40,40.66865343965641,129.25658710199315,18,1
156,22.63126303830016,8.567073922407658,14.576505803246024,No,75,25.5270584784361,121.43930917793448,20,1
150,30.200269397288015,2.6070397369562324,8.24197492419429,No,70,45.655240139856616,144.13084780507538,41,1
105,18.020969122671836,9.018313955720044,31.56288320126898,Yes,44,16.847435101292096,24.749758541782295,55,1
127,23.30292500634041,10.560125778077325,24.937980512539795,No,37,44.98718539317028,23.18488192900092,35,1
113,1.4756259494488777,15.150562239815658,10.321798511656842,Yes,68,46.25812808249064,115.78758154865947,59,1
117,14.47997570630274,3.876072964487087,36.68900601623119,Yes,36,26.771090593622333,43.763768551878194,48,1
